recommendationid,steamid,num_games_owned,num_reviews,playtime_forever,playtime_last_two_weeks,playtime_at_review,last_played,language,review,timestamp_created,timestamp_updated,voted_up,votes_up,votes_funny,weighted_vote_score,comment_count,steam_purchase,received_for_free,written_during_early_access
180447223,76561199029371653,0,3,10220,328,10220,1732803845,english,The game is PHENOMENAL. First of all the gameplay and progression is really well made and makes me come back to the game very oftenly. The story is deep and talks about some serious themes which I LOVE and it just makes the game really fun to explore to find some lore details. Overall if you don't have the game I suggest you try it out (although in my opinion playing the game with all of the dlcs just make me want to not recomend the game without dlcs but the main game in it self is also really good),1732803819,1732803819,True,0,0,0,0,True,False,False
180434086,76561199588822660,0,1,4441,2483,4381,1732806059,english,This game... is peak üòé,1732801950,1732801950,True,0,0,0,0,True,False,False
180432962,76561198999974561,42,10,1859,1244,1859,1732793896,english,I love living in the basement. Any questions?,1732801787,1732801787,True,0,0,0,0,True,False,False
180428726,76561198042023355,0,4,21707,181,21616,1732806643,english,Good Game,1732801180,1732801180,True,0,0,0,0,True,False,False
180421420,76561199531001705,23,3,194,118,156,1732804111,english,"This game might not seem interesting at first, but it'll grow on you like a tumor.",1732800109,1732800109,True,0,0,0,0,True,False,False
180417506,76561198030240714,0,11,12852,654,12763,1732805478,english,The GOAT,1732799607,1732799607,True,0,0,0,0,True,False,False
180411092,76561199028217595,61,3,47995,846,47994,1732798817,english,Now I can cry on poop online,1732798767,1732798767,True,0,0,0,0,True,False,False
180403462,76561198366411973,142,1,7659,5007,7550,1732806644,english,It's just PEAK,1732797610,1732797610,True,0,0,0,0,True,False,False
180396608,76561198997461736,35,8,20439,191,20439,1732738014,english,Repentance+ ruined Dead God being my last achievement. Shit game tbh,1732796573,1732796573,True,0,0,0,0,True,False,False
180396445,76561198296704817,30,2,6917,2948,6861,1732806402,english,"Good Game, Good Soundtrack, Fiend Folio for Repentance+ DLC needs to exist. 9.5/10",1732796547,1732796767,True,0,0,0,0,True,False,False
180381877,76561197989562801,0,1,6054,1230,6039,1732806412,english,Best value game in existence.  Period.,1732794252,1732794252,True,0,0,0,0,True,False,False
180379093,76561199026733291,121,10,3702,2037,3702,1732805475,english,I suck at this game but it sucks me harder,1732793808,1732793808,True,0,0,0,0,True,False,False
180374468,76561198179811150,0,1,30465,231,30416,1732795818,english,fun,1732793060,1732793060,True,0,0,0,0,True,False,False
180364582,76561199210379100,0,3,2225,1459,2199,1732794141,english,worth every penny,1732791447,1732791447,True,0,0,0,0,True,False,False
180356956,76561198319630635,62,16,37599,3945,37483,1732800830,english,tainted lost no holy card,1732790217,1732790217,True,0,0,0,0,True,False,False
180356573,76561198225338964,49,9,19233,0,19233,1731566203,english,little baby man,1732790151,1732790151,True,0,0,0,0,True,False,False
180334968,76561199058024542,25,8,7218,7218,6976,1732806232,english, game ruined my life cuz all i do on the little free tme i have is play it. 10/10,1732786413,1732786413,True,1,0,0.52173912525177002,0,True,False,False
180331929,76561198982663202,73,15,1448,752,1448,1732785813,english,GOOD,1732785835,1732785835,True,0,0,0,0,True,False,False
180325463,76561198364529105,0,1,27593,1076,27556,1732787763,english,I love Hitbox and Esau <3,1732784608,1732784608,True,0,0,0,0,True,False,False
180323080,76561198053641132,0,15,4795,793,4666,1732799766,english,"Great game, replayable, engaging, addictive, fun, weird, gross, variety, frustration, confusion, hype, easy to pick up and put down, fresh, niche, crazy, bRok3n..,3error404

Not my personal favorite of all time, but it is the greatest off all time in it's genre",1732784154,1732784154,True,0,0,0,0,True,False,False
180319836,76561198045716986,3687,14,24134,3525,24134,1732738687,english,"A Roguelike that offers you a different box of chocolates every single time you press play. There are a lot of hidden mechanics, but when you learn most of them you become a master manipulator of this box of chocolates. It is one of the few Roguelikes that offers a varied experience every single run. If you have the patience to learn deep mechanics, fight living shits and clean rooms filled with nasties then you will uncover a deep ocean of enjoyment, frustration and heart.",1732783546,1732783546,True,0,0,0,0,True,False,False
180317628,76561198045648666,793,48,40559,167,40456,1732794211,english,"After 600h I can finally play the game. Well, after I beat 2 more saves.",1732783166,1732783166,True,0,0,0,0,True,False,False
180303937,76561198275573127,169,5,642,271,642,1732780610,english,maybe I just don't get it but this game is so not fun,1732780661,1732780692,False,0,0,0,0,True,False,False
180295078,76561199073550986,0,2,2876,1960,2876,1732778062,english,yes,1732778894,1732778894,True,0,0,0,0,True,False,False
180294670,76561198361153183,129,19,7111,1425,7111,1732693492,english,Isaac we love you <3,1732778812,1732778812,True,0,0,0,0,True,False,False
180294290,76561197992278884,756,2,73881,85,73881,1732472384,english,Omg multiplayer,1732778734,1732778734,True,0,0,0,0,True,False,False
180292341,76561198118429083,0,2,151667,3621,151667,1732778256,english,Very epic game omg,1732778344,1732778344,True,0,0,0,0,True,False,False
180291342,76561198117388746,81,4,4262,3506,4195,1732782431,english,cool,1732778145,1732778145,True,0,0,0,0,True,False,False
180287802,76561198111979198,0,1,1288,862,1237,1732802139,english,great game,1732777460,1732777460,True,0,0,0,0,True,False,False
180285279,76561198058836750,0,34,4512,214,4512,1732776872,english,An incredible roguelike! I recommend this game immensely.,1732776946,1732776946,True,0,0,0,0,True,False,False
180269924,76561199105763756,0,2,4448,2229,4183,1732795646,english,ddudee,1732773965,1732773965,True,0,0,0,0,True,False,False
180257451,76561199121839662,0,7,2562,30,2562,1732483154,english,Mom would not be happy,1732771632,1732771632,True,0,0,0,0,True,False,False
180255373,76561198832670875,0,1,333,333,299,1732773315,english,"its fun so play and fun=happy, happy=good life and good life=moolah",1732771268,1732771268,True,0,0,0,0,True,False,False
180253446,76561199589979274,31,4,752,709,578,1732786111,english,"This game is peak! I don't even know where to start with this, the visuals, the game play, or even the designs!
It is a very good game that I highly recommend! However every game does have its flaws, in this case It's just RNG but that is really my only complaint, besides that i could not recommend this enough!",1732770927,1732770927,True,0,0,0,0,True,False,False
180250481,76561198075980180,130,5,11731,4381,11574,1732797883,english,"I died but proceeded to restart the run, for hours straight. Great game.",1732770415,1732770498,True,0,0,0,0,True,False,False
180246517,76561199083213361,134,1,189,1,189,1732769779,english,+,1732769763,1732769763,True,0,0,0,0,True,False,False
180236552,76561198379555732,70,3,11990,1893,11830,1732789610,english,Best rogue game,1732768211,1732768211,True,0,0,0,0,True,False,False
180232647,76561198253022206,465,27,2501,1968,2395,1732805509,english,Isaac and his mother,1732767589,1732767589,True,0,0,0,0,True,False,False
180227243,76561197992576004,1621,10,48453,7,48453,1732752453,english,"Joguinho top, divertido e agora com modo online em beta <3.s2",1732766680,1732766680,True,3,0,0.55415046215057373,0,True,False,False
180227195,76561198356391534,0,3,34510,2182,34510,1732766606,english,10/10 would steal godhead on the daily again,1732766672,1732766672,True,0,0,0,0,True,False,False
180226689,76561198055441673,126,17,29543,0,29543,1715218959,english,"THE definitive rouguelike. A game that has grown to be so large it's tough to comprehend, but the core gameplay is still what shines.",1732766584,1732766584,True,0,0,0,0,True,False,False
180225959,76561198093051329,184,7,5239,1542,5239,1732765738,english,Enemy bye bye make happy >:),1732766453,1732766453,True,0,0,0,0,True,False,False
180224451,76561199017370021,136,5,6484,2409,6334,1732775220,english,I'm in a bind rn,1732766175,1732766175,True,0,0,0,0,True,False,False
180222784,76561199456179607,19,8,7934,1896,7791,1732779612,english,"eat 

sleep

isaac

repeat












eye sack has changed my life.

The Binding of Isaac is a rogue-like dungeon crawler from indie developer Edmund McMillen, blending random generation, fast-paced combat, and a darkly whimsical narrative. The game is a deeply unsettling experience‚Äîboth challenging and bizarre‚Äîoffering an engaging gameplay loop that rewards skill, adaptability, and perseverance.

Gameplay and Mechanics:

At its core, The Binding of Isaac is about exploring randomly generated dungeons filled with monsters, traps, and bosses. You control Isaac, a young boy who is fleeing from his increasingly deranged mother, who believes she is carrying out a divine command to sacrifice him. The story unfolds in a grotesque, surreal world that mixes childhood innocence with disturbing imagery.

The gameplay is centered around combat, and Isaac fights through hordes of bizarre enemies using a variety of weapons and items. The game's mechanics are simple but deep‚ÄîIsaac can fire tears as his primary weapon, but this basic attack can be upgraded with various items that dramatically alter how the game is played. Whether it's homing tears, explosive projectiles, or companion pets that fight alongside you, The Binding of Isaac offers a huge amount of variety in each run.

The random generation is a key part of the appeal, ensuring that no two runs are ever the same. This randomness means you‚Äôll never quite know what to expect, and every new item, enemy, or room layout presents a fresh challenge. The difficulty spikes quickly, but this unpredictability keeps the game exciting, as you'll often find yourself discovering powerful synergies or dealing with frustrating dead ends.

Story and Atmosphere:

The narrative is minimal, told primarily through the visuals and environmental storytelling. Isaac‚Äôs backstory‚Äîhis troubled relationship with his fanatical mother‚Äîis revealed through cryptic cutscenes and gameplay events. The dark religious overtones, psychological horror, and the twisted imagery are not for the faint-hearted, and it all contributes to the unsettling atmosphere of the game.

The game‚Äôs art style is distinctive, with hand-drawn characters and environments that look like something out of a twisted children's book. The grotesque enemies, bizarre bosses, and unsettling art design make it clear that The Binding of Isaac isn‚Äôt just a dungeon crawler‚Äîit‚Äôs a deeply personal exploration of trauma, fear, and loss.

Replayability:

One of the game's greatest strengths is its replayability. Each run feels unique, and the vast number of items and characters to unlock gives you a constant sense of progression. As you play, you'll unlock new characters (with different abilities), new items, and new paths that expand the already deep gameplay.

While the game can feel repetitive at times, the constant unlocking of new features and the ever-changing dynamics of each run make it compelling to return to again and again. The challenge is high, and you‚Äôll likely find yourself dying a lot, but each failure feels like an opportunity to learn something new.

Challenges and Learning Curve:

The difficulty in The Binding of Isaac is unforgiving. You‚Äôll encounter waves of enemies that get progressively harder, often with no healing items to help you along the way. There‚Äôs a steep learning curve in figuring out which items synergize well and which ones are best avoided. The game doesn't hold your hand, and you will die many times before you start to feel like you're making real progress.

That said, the difficulty is a part of the charm. Every victory feels earned, and the game rewards persistence. For those who enjoy a challenge, The Binding of Isaac delivers a tight, rewarding experience where every new run can feel like a fresh chance to conquer the odds.

Sound and Music:

The music in The Binding of Isaac complements its dark, grim atmosphere perfectly. The haunting, often eerie tracks help set the mood for the intense battles and strange world that you navigate. The sound effects‚Äîfrom Isaac‚Äôs cries to the grotesque squelches of defeated enemies‚Äîfurther immerse you in this bizarre, disturbing universe.

Final Thoughts:

The Binding of Isaac is a game that will stick with you, not just because of its grotesque and dark themes, but because of its addictive, randomized gameplay. Whether you‚Äôre in it for the challenge, the exploration, or the sheer bizarre fun of it all, this game offers a deep, complex experience that keeps players coming back for more.

It's a roguelike with a distinctive personality, combining challenging gameplay with a haunting story that digs deep into the human psyche. Its learning curve and randomization may make it difficult for some to get into, but for those who appreciate a tough, rewarding challenge, The Binding of Isaac is an unforgettable experience.

Pros:

Addictive and replayable gameplay
Deep item synergies and character variety
Unique art style and atmosphere
Challenging difficulty with a rewarding progression system
Cons:

Steep learning curve
Some runs can feel frustrating due to the randomness
Dark themes may be off-putting for some players
Rating: 9/10",1732765867,1732765867,True,0,0,0,0,True,False,False
180219295,76561198965868105,108,2,8763,1119,8698,1732769192,english,üëå,1732765251,1732765251,True,0,0,0,0,True,False,False
180213562,76561199127177684,18,2,297,297,216,1732769053,english,cube baby,1732764181,1732764181,True,0,0,0,0,True,False,False
180209914,76561199087885384,0,4,3168,85,3168,1732672922,english,"Can be unfair, but is always fun",1732763523,1732763523,True,0,0,0,0,True,False,False
180209094,76561199564042848,0,3,11286,1384,11224,1732771662,english,"Let me just say, this game is absolute PEAK. Fire gameplay, hours upon hours of content, and a really radical playstyle",1732763380,1732763380,True,0,0,0,0,True,False,False
180208428,76561198065808106,0,5,35114,365,35013,1732769752,english,Amazing,1732763264,1732763264,True,0,0,0,0,True,False,False
180197616,76561198049852303,135,23,37557,40,37557,1732043501,english,"Difficult, with lots of dark and religious themes. An interesting story (or stories, since there are multiple endings). There are many synergies between different items, and there are many, many items. My main gripe with the game is the lack of info within the game on each item you pick up, but with how much there is it's definitely worth a try.",1732761321,1732761321,True,0,0,0,0,True,False,False
180196813,76561199529116865,0,1,290,192,290,1732761155,english,Very interesting game,1732761185,1732761185,True,0,0,0,0,True,False,False
180196441,76561199014020942,0,9,2059,1679,1853,1732775967,english,child cry tears kill monsters 10/10,1732761120,1732761120,True,0,0,0,0,True,False,False
180194768,76561199099620772,240,34,11,11,11,1732760938,english,"You can't use mouse, no option in settings you have to go into the game files and teak them to use mouse. Got so mad I dented my mic.",1732760830,1732760830,False,0,0,0.454545468091964722,0,True,False,False
180193854,76561198445664948,0,3,39988,1075,39988,1732751014,english,muhaha!,1732760664,1732760664,True,1,0,0.523809552192687988,0,True,False,False
180193775,76561199062353814,0,12,12634,329,12523,1732770652,english,goated game literally crying all over the enemies bro,1732760649,1732760675,True,0,0,0,0,True,False,False
180192558,76561199219535583,0,4,5199,133,5163,1732762897,english,Good game with a great pool of varied items,1732760433,1732760433,True,0,0,0,0,True,False,False
180190914,76561199235308746,0,2,33282,46,33276,1732764613,english,"The game is really fun
",1732760151,1732760151,True,0,0,0,0,True,False,False
180186833,76561198085704651,518,22,11572,1962,11572,1732759309,english,"Edmund McMillen, You litte F**ker You made a shit of piece with your trash Issac it‚Äôs f**King Bad this trash game I will become back my money I hope you will in your next time a cow on a trash farm you sucker. Peak Game",1732759415,1732759415,True,0,0,0,0,True,False,False
180180254,76561198059016030,0,4,49149,1718,49022,1732805034,english,"It's the definition of rogue-lke, a wonderful game with great gameplay, music and lore.
10/10",1732758243,1732758243,True,0,0,0,0,True,False,False
180179230,76561198196867530,172,3,25239,1211,25053,1732800229,english,When the Issac does the.. Binding? Good game,1732758051,1732758051,True,0,0,0,0,True,False,False
180175189,76561198384590015,0,1,26027,723,25968,1732767236,english,"god tier, replayability like nothing i've ever seen",1732757332,1732757332,True,0,0,0,0,True,False,False
180173693,76561198126911221,0,4,21263,992,21002,1732772725,english,Even better with multiplayer being supported.,1732757069,1732757069,True,0,0,0,0,True,False,False
180171768,76561199546390406,120,6,385,76,385,1732756586,english,"I have no idea what I'm doing most of the time, but very good rouge-like.",1732756733,1732756733,True,0,0,0,0,True,False,False
180170253,76561198364283588,46,16,226,226,204,1732758071,english,–ø—Ä–æ—à–µ–ª –∏–≥—Ä—É –∑–∞ 2 —á–∞—Å–∞,1732756459,1732756459,True,0,0,0,0,True,False,False
180169658,76561198060498180,547,34,63515,1151,63441,1732783155,english,its sometimes fun,1732756357,1732756357,True,1,0,0.523809552192687988,0,True,False,False
180169656,76561198855315358,0,5,18649,32,18647,1732756426,english,–ø–∏—Å—è –ø–æ–ø–∞ –∫–∞–∫–∞,1732756357,1732756357,True,0,0,0,0,True,False,False
180166168,76561198837396364,0,17,11307,3,11306,1732755997,english,I want to kms. 10/10,1732755734,1732755849,True,0,0,0,0,True,False,False
180165592,76561199513898746,0,1,23889,2123,23833,1732797875,english,very fun game i love jacob and easu,1732755619,1732755619,True,0,0,0,0,True,False,False
180164905,76561198138587404,0,1,22783,1807,22783,1732669520,english,its ok,1732755496,1732755496,True,0,0,0,0,True,False,False
180162190,76561199132037406,0,6,466,466,323,1732770377,english,its fun,1732755008,1732755008,True,0,0,0,0,True,False,False
180160523,76561199028496282,72,3,9545,1594,9444,1732768098,english,"its fun although you'll probably get addicted whenever you get the hang of it, specially after getting a god-like run, and whenever you get bored you can add mods to feed your new gained isaac addiction


10/10 would recommend, just don't try going for dead god if you dont plan on spending the rest of your days playing this game",1732754711,1732754711,True,0,0,0,0,True,False,False
180159127,76561198059259870,183,5,27955,458,27872,1732759426,english,even when i hate this game i love this game,1732754454,1732754454,True,0,0,0,0,True,False,False
180158076,76561198316722214,275,12,63868,2622,63868,1732754103,english,"√â divertido, nem um pouco viciante, apagaria da minha mem√≥ria pra jogar pela primeira vez novamente",1732754261,1732754261,True,0,0,0,0,True,False,False
180153726,76561199013245607,77,28,328,328,284,1732761517,english,it's like drugs if they were good,1732753463,1732753463,True,0,0,0,0,True,False,False
180153523,76561198031487833,0,2,5032,1588,4735,1732806428,english,i fucking hate this game,1732753429,1732753429,True,0,0,0,0,True,False,False
180152909,76561198259318548,177,18,34677,1240,34627,1732757210,english,isaac!,1732753313,1732753313,True,0,0,0,0,True,False,False
180148977,76561197980042011,0,15,27855,313,27855,1732676146,english,Crying in the basement... now with friends,1732752616,1732752616,True,1,0,0.523809552192687988,0,True,False,False
180145897,76561199225084405,0,8,507,402,506,1732752118,english,None of my friends want to play co op with me,1732752053,1732752053,False,0,0,0,0,True,False,False
180144330,76561197965042642,0,3,20596,283,20554,1732791513,english,The best game to enjoy on the Steam Deck. A roller coaster ride filled with poop. Easy to pick up and put down to kill time.,1732751767,1732751767,True,0,0,0,0,True,False,False
180143478,76561199057482705,89,10,9181,840,8987,1732799252,english,"This might be one of the best games for those who like to 100% games.
9/10 game",1732751618,1732751618,True,0,0,0,0,True,False,False
180142977,76561198301260016,50,1,8177,99,8120,1732770077,english,Isaac <3,1732751525,1732751525,True,0,0,0,0,True,False,False
180142621,76561199083491226,0,1,636,609,575,1732755229,english,"I have an unhealthy amount of hours on this game not accounted for on steam, so it would be rude for me to not leave a good review here",1732751460,1732751460,True,0,0,0,0,True,False,False
180142536,76561198096007925,132,5,3869,325,3869,1732680757,english,good good,1732751444,1732751444,True,0,0,0,0,True,False,False
180141214,76561198002516677,675,4,27002,83,27002,1732751252,english,"Continues to be a game with such a fresh experience.
",1732751213,1732751213,True,0,0,0,0,True,False,False
180141182,76561199160768566,20,3,4295,320,4294,1732751323,english,when,1732751208,1732751208,True,0,0,0,0,True,False,False
180138051,76561199028678900,50,1,89,89,38,1732753480,english,with my 100000 hours of game play i can say i finally got past one room would recommend,1732750674,1732750674,True,0,1,0.476190477609634399,2,True,False,False
180136885,76561198805993451,555,6,14423,2138,14299,1732761162,english,"‚ô•
",1732750468,1732750468,True,0,0,0,0,True,False,False
180133479,76561198269147507,40,5,4721,2427,4697,1732765904,english,churulik,1732749894,1732749894,True,1,0,0.523809552192687988,0,True,False,False
180132586,76561198167687126,0,2,1048,79,1048,1732055451,english,Amazing game that my wife and I love to hate. We own it on 4 different platforms because we hate ourselves. Amazing game you should play it and follow the one true leader ISAAC,1732749744,1732749744,True,0,0,0,0,True,False,False
180132174,76561198335108822,37,35,186,186,186,1732749654,english,nice!,1732749679,1732749679,True,1,0,0.523809552192687988,0,True,False,False
180132071,76561198871842706,0,15,1902,233,1669,1732804792,english,"isaac is binding
",1732749663,1732749663,True,0,0,0,0,True,False,False
180126029,76561199071317480,0,5,4486,1721,4139,1732783038,english,"ISAAC!
ISAAAAACCCC!!",1732748742,1732748742,True,0,0,0,0,True,False,False
180120756,76561199103376399,0,1,6415,4723,6307,1732754884,english,"IT IS A PRETTY FUN GAME WHEN YOU GET QUALITY 4 ITEMS. SPIDER ENEMIES ARE THE WORST. GGS
SPENT 30 BUCKS TO BULLY ENEMIES BY CRYING. :)
",1732747945,1732747945,True,0,0,0,0,True,False,False
180120613,76561199523490737,0,5,2126,857,2126,1732747802,english,Isaac if he was binded,1732747923,1732747923,True,0,0,0,0,True,False,False
180119888,76561198141649251,592,42,1053,659,855,1732773518,english,dlc just totally fucking deletes your save file gg,1732747814,1732748177,False,1,0,0.454887211322784424,0,True,False,False
180118945,76561198104782382,120,7,1717,484,1548,1732804617,english,Hold R,1732747677,1732747677,True,0,0,0,0,True,False,False
180114715,76561198194650702,0,1,43746,2179,43473,1732778517,english,Spent many days playing this dank shit,1732747075,1732747075,True,0,0,0,0,True,False,False
180113678,76561198007266717,103,7,37093,423,37093,1732746748,english,its ok,1732746926,1732746926,True,0,0,0,0,True,False,False
180112929,76561199349493877,23,5,1705,192,1649,1732750072,english,good game,1732746825,1732746825,True,0,0,0,0,True,False,False
180112188,76561199223666045,122,2,3090,808,3090,1732747336,english,Someone please gift me repentance for christmas,1732746717,1732746717,True,0,0,0,0,True,False,False
180107049,76561198364046422,0,1,3694,1232,3693,1732746105,english,Cain.,1732746036,1732746036,True,0,0,0,0,True,False,False
180105493,76561199375252589,52,3,7873,1558,7584,1732771111,english,"> Joins multiplayer w/ friends
> Doesn't get a single item in the run
> Beats the game
> First out in Deathmatch

10/10 Experience",1732745832,1732745832,True,0,0,0,0,True,False,False
180104973,76561199147230618,0,10,4739,2413,4738,1732805008,english,"The best game we have at the moment is the binding of Isaac. many AAA projects cannot compare with this masterpiece, playing as a child, crying at poop, making deals with the devil as the meaning of life. I want to express my deep gratitude to Edmund McMillan for such a game.",1732745766,1732745766,True,0,0,0,0,True,False,False
180103984,76561199091199553,0,6,9182,429,9172,1732746294,english,"Flying through the unlocks, only a quarter of the entire game unlocked.
Help me
I am going insane",1732745637,1732745637,True,0,0,0,0,True,False,False
180099141,76561199090601852,0,7,524,524,197,1732764646,english,"So chaotic, it's so awesome. I love it",1732745018,1732745018,True,0,0,0,0,True,False,False
180095850,76561198066287291,291,6,31380,202,31267,1732753993,english,nice,1732744605,1732744605,True,0,0,0,0,True,False,False
180094932,76561198256828302,167,2,13355,2300,13247,1732806193,english,it's a very reliable game love it,1732744483,1732744483,True,0,0,0,0,True,False,False
180094787,76561198146607432,1028,20,34350,491,34281,1732806396,english,help,1732744465,1732744465,True,0,2,0,0,True,False,False
180089375,76561198818007415,0,3,26230,278,26230,1732638173,english,üé™ü•¥üò®,1732743793,1732743793,True,0,0,0,0,True,False,False
180086415,76561198118146690,0,8,15774,1652,15653,1732785358,english,"Don't get this game.



















Said no one ever.",1732743443,1732743443,True,0,0,0,0,True,False,False
180085353,76561199231745258,0,4,1224,172,1052,1732753717,english,WE LOVE YOU ISAAC,1732743319,1732743319,True,0,0,0,0,True,False,False
180085167,76561198080424163,110,5,32667,1078,32663,1732782350,english,"I recommend it with all the warmth of my heart, it's what you need in life: nerves, love and frustration and the happiness of finishing the game with a unique build or with a crap build in your last life, online with friends becomes even better",1732743299,1732743299,True,0,0,0,0,True,False,False
180081551,76561198865752434,44,4,1569,1333,1569,1732739384,english,poops tears and naked babies - all i love,1732742868,1732742868,True,0,0,0,0,True,False,False
180078281,76561198284021395,0,28,2755,1666,2755,1732742463,english,one of the best game!!,1732742493,1732742493,True,0,0,0,0,True,False,False
180078113,76561198185800698,234,6,58,0,58,1690703392,english,Funny Game,1732742474,1732742474,True,0,0,0,0,True,False,False
180076741,76561198162979672,436,6,14398,1139,14398,1732735853,english,Escape from Temu,1732742323,1732742323,True,1,0,0.523809552192687988,0,True,False,False
180075504,76561198009527703,0,7,45332,3014,45287,1732802619,english,A fun and challenging game,1732742184,1732742184,True,0,0,0,0,True,False,False
180072505,76561198057930045,130,5,38557,5,38555,1732741976,english,.,1732741869,1732741869,True,0,0,0,0,True,False,False
180065788,76561199466269001,0,25,537,263,492,1732762907,english,"I only have a few hours, but this is one of my favorite games that I have bought. You need to but this.",1732741177,1732741177,True,0,0,0,0,True,False,False
180065711,76561198067170410,0,1,4268,3289,4112,1732762022,english,yes,1732741171,1732741171,True,0,0,0,0,True,False,False
180062339,76561199411708183,21,2,21203,916,21202,1732769510,english,"such a good game with lots and lots of content in it, well worth all the money",1732740831,1732740831,True,0,0,0,0,True,False,False
180059184,76561199231100914,0,1,10244,271,10244,1732740367,english,literally the most peak game ive ever played,1732740522,1732740522,True,0,0,0,0,True,False,False
180058967,76561199160526245,0,3,317,317,186,1732749254,english,w,1732740503,1732740503,True,0,0,0,0,True,False,False
180054810,76561198250024808,35,4,12029,2648,12029,1732739414,english,Wonderful,1732740095,1732740095,True,0,0,0,0,True,False,False
180049269,76561199061820847,263,18,2483,773,2430,1732744235,english,it good,1732739577,1732739577,True,0,0,0,0,True,False,False
180044228,76561198368832352,149,19,12395,819,12395,1732736659,english,"brother bobby op, pls nerf",1732739093,1732739103,True,0,0,0,0,True,False,False
180040601,76561198304071072,126,1,53495,1018,53495,1732738693,english,very cool game recommend 100%,1732738750,1732738750,True,0,0,0,0,True,False,False
180039042,76561198038885884,0,6,22064,2717,22002,1732805789,english,classic of the genre,1732738605,1732738605,True,0,0,0,0,True,False,False
180037566,76561198143627929,68,15,8784,1,8784,1732738479,english,cool game,1732738463,1732738463,True,0,0,0,0,True,False,False
180037368,76561198017682483,0,11,34023,1837,34023,1732805905,english,I LOVE GAMBLING,1732738445,1732738445,True,0,0,0,0,True,False,False
180034012,76561198358426745,262,2,2295,1222,2294,1732738171,english,Found my wives divorce papers. Tears up+ :),1732738124,1732738124,True,0,0,0,0,True,False,False
180032932,76561198978850220,0,2,13903,3652,13791,1732800754,english,It is addictive.,1732738003,1732738003,True,1,0,0.52173912525177002,0,True,False,False
180029890,76561199083317437,841,8,15597,438,15597,1732789760,english,"absolutely threw the match, multiple times, player did a thumbs up emote.

defeated mother, only the best people play this child abuse game.",1732737580,1732737580,True,0,0,0,0,True,False,False
180024092,76561198998819409,224,2,25394,948,25392,1732737371,english,This is one of the highest quality slideshows i've ever watched! 10/10,1732737063,1732737063,True,0,0,0,0,True,False,False
180022984,76561198253510451,374,11,15923,847,15920,1732791258,english,the biggest and the bestest game,1732736965,1732736965,True,1,0,0.525547444820404053,0,True,False,False
180022814,76561199262702244,0,4,12279,286,12278,1732737025,english,"dont get it it will take over your life
10/10 would play again",1732736950,1732736950,True,0,0,0,0,True,False,False
180020026,76561198145573215,110,9,9392,1,9392,1732736662,english,best singleplayer grinder game,1732736727,1732736727,True,0,0,0,0,True,False,False
180019637,76561198384391349,245,8,46443,508,46443,1732721007,english,"Best game on the planet hands down
Highly recommended, especially with all DLC
Many characters, items and endings each with a unique twist
Secrets to be discovered
Now has couch Co-Op and Online Co-Op

10/10 
",1732736695,1732736695,True,0,0,0,0,True,False,False
180005097,76561198840043231,35,2,5563,2998,5563,1732735382,english,Fune,1732735542,1732735542,True,0,0,0,0,True,False,False
179999018,76561198073623493,0,10,73224,1296,73224,1732734956,english,"[Narrator voice] ""Addicted!""",1732735062,1732735062,True,0,0,0,0,True,False,False
179991135,76561198061983275,535,7,4281,2420,4222,1732739831,english,Neato Roguelike Legend of Zelda style game.,1732734477,1732734477,True,0,0,0,0,True,False,False
179986409,76561198413444749,0,11,4723,133,4711,1732734530,english,Your co-op suck ball and need to get cured from LIGMA!,1732734140,1732734140,False,0,0,0.467479676008224487,0,True,False,False
179985274,76561198190897373,59,2,8596,240,8596,1732733820,english,Pew pew child abuse,1732734058,1732734058,True,0,0,0,0,True,False,False
179979292,76561198825402464,120,32,698,125,698,1732063391,english,"I beat the game because a friend carried me

10/10 would leech off of their skill again",1732733653,1732733653,True,0,0,0,0,True,False,False
179973439,76561198268782884,127,5,20529,114,20529,1732733142,english,A slightly addictive masterpiece,1732733268,1732733268,True,0,0,0,0,True,False,False
179970397,76561199086716752,0,14,1135,1164,686,1732777284,english,I Like This Game (:,1732733066,1732733092,True,0,0,0,0,True,False,False
179962318,76561198094018502,373,5,27091,944,27083,1732755660,english,not bad,1732732560,1732732560,True,0,0,0,0,True,False,False
179953553,76561199190681400,0,3,13836,2048,13656,1732753781,english,this game makes me unimaginably angry but i play it every day would reccomend,1732732052,1732732052,True,0,0,0,0,True,False,False
179947572,76561198883725355,113,8,3645,1761,3431,1732805644,english,game of my childhood,1732731733,1732731733,True,0,0,0,0,True,False,False
179947108,76561198291054157,525,31,1046,305,1046,1732752353,english,isaac needs clothes!!,1732731709,1732731709,True,1,1,0.522058844566345215,0,True,False,False
179944793,76561199096137734,0,4,23526,1,23526,1732731507,english,my favorite game to play. joseph gabriel cruz also sucks at this game,1732731593,1732731593,True,0,0,0,0,True,False,False
179942797,76561199172120890,125,15,1023,405,916,1732738325,english,Live laugh love Edmund,1732731492,1732731492,True,0,0,0,0,True,False,False
179931554,76561198151780760,132,7,6980,2164,6562,1732765318,english,"C√≥mpralo, lo vale",1732730930,1732730930,True,0,0,0,0,True,False,False
179930499,76561199105272306,81,2,1718,961,1717,1732730915,english,–æ–±–Ω–æ–≤–∞ —É –ø–æ–¥–≤–∞–ª—ã—à–∞ –ø—Ä–æ—Å—Ç–æ –∏–º–±–∞,1732730874,1732730874,True,0,0,0,0,True,False,False
179926746,76561198817854669,153,14,3170,508,3122,1732733505,english,Growing up in a christian household simulator,1732730642,1732730642,True,0,1,0,0,True,False,False
179925077,76561198157696555,247,40,4685,1917,4281,1732781820,english,Me likey,1732730363,1732730363,True,0,0,0,0,True,False,False
179923224,76561198838265175,82,12,5271,2028,5264,1732733710,english,"Crying child wants to kill his mother

10/10",1732729956,1732729956,True,0,0,0,0,True,False,False
179923217,76561198056799117,431,5,34247,592,34196,1732802150,english,Simply Isaac 5/5,1732729955,1732729955,True,0,0,0,0,True,False,False
179921892,76561199156693513,0,7,1257,776,1229,1732739678,english,i love it,1732729664,1732729664,True,0,0,0,0,True,False,False
179920428,76561198970108542,0,3,37102,2408,36887,1732786200,english,Parents can't be disappointed if they're both gone,1732729316,1732729316,True,0,0,0,0,True,False,False
179919559,76561199217938343,29,8,1220,181,1183,1732731173,english,"Unique art style and story, combined with good gameplay",1732729088,1732729088,True,0,0,0,0,True,False,False
179918283,76561199729188672,11,6,302,302,182,1732805284,english,Best game,1732728011,1732728011,True,0,0,0,0,True,False,False
179917676,76561199683178922,0,1,1005,1005,224,1732806505,english,Awesome,1732727338,1732727338,True,0,0,0,0,True,False,False
179917171,76561198102390851,66,12,6243,898,6243,1732716905,english,"It took 10 years of occasional trying, but two months ago I finally was able to beat a run of Issac. since then I've been hooked and now I have nearly 100 hours.",1732726710,1732726710,True,0,0,0,0,True,False,False
179913220,76561198194565591,205,20,14087,786,14012,1732762562,english,Best roguelike of all time,1732722109,1732722109,True,0,0,0,0,True,False,False
179912536,76561199192454409,0,5,1975,944,1907,1732737950,english,goated game,1732721315,1732721315,True,0,0,0,0,True,False,False
179910744,76561198072669197,53,6,17109,947,17000,1732804297,english,I HATE THIS GAME AAHAHHHAHAHAHAAHAHAHAHAHAHAHAAHAAAHAHAHAHAAHAHAHAHAHAHA,1732719202,1732719202,True,0,0,0,0,True,False,False
179909741,76561198884169587,0,2,5479,3056,5307,1732780520,english,naked dude shoot tears good,1732717990,1732717990,True,0,0,0,0,True,False,False
179908184,76561198387331901,27,8,683,175,683,1732716045,english,its ok,1732716088,1732716088,True,0,0,0,0,True,False,False
179906677,76561199191498008,0,17,4636,3667,4465,1732799592,english,isaac,1732714168,1732714168,True,0,0,0,0,True,False,False
179906098,76561199676567270,10,1,2666,1587,2031,1732785201,english,i hate gideon.,1732713397,1732713397,True,0,0,0,0,True,False,False
179905087,76561198167544965,0,1,29121,52,29077,1732802840,english,Good game,1732712065,1732712065,True,0,0,0,0,True,False,False
179905067,76561198226342884,313,11,14031,1477,13871,1732764559,english,why every time i try to begin multi daily run the game will shut downÔºü,1732712036,1732712036,False,0,0,0,0,True,False,False
179901114,76561199001051169,0,2,27805,38,27805,1732705485,english,wont change until other language rebirth,1732705653,1732705653,False,0,0,0,0,True,False,False
179901040,76561199271507152,20,6,3036,2328,2946,1732805087,english,◊ê◊ó◊ú◊î ◊û◊©◊ó◊ß,1732705544,1732705544,True,0,0,0,0,True,False,False
179900982,76561199185848992,42,1,2633,907,2633,1732651260,english,"DEAR DIARY        
TODAY I DIED ‚ò†Ô∏è‚ò†Ô∏è Me ‚Üò
                                        üßç
I WAS KILLED BY THIS THING ‚Üí üí©üí©

IN SOME BASEMENT üè°üß±

I LEAVE ALL THAT I OWN TO MY CAT GUPPY üêàüêà

 üíäüíäüíä
       ‚Üñ Cool Stuff!

GOODBYE CRUEL WORLD
XOXO Furina",1732705444,1732705444,True,0,0,0,0,True,False,False
179898074,76561199071671066,0,2,37655,142,37513,1732708766,english,.,1732700152,1732700152,True,0,0,0,0,True,True,False
179898036,76561199075630313,31,2,2807,2283,2421,1732806045,english,GOAT!,1732700056,1732700056,True,0,0,0,0,True,False,False
179897189,76561198240517514,348,11,5769,3053,5114,1732791279,english,watching a kid suffocate in a toy box has never been more fun!,1732698403,1732698403,True,1,0,0.523809552192687988,0,True,False,False
179897123,76561198293637634,0,1,14345,1470,12875,1732786658,english,======================================,1732698279,1732698279,True,0,0,0,0,True,False,False
179895789,76561198986552450,0,19,41624,113,41624,1732253118,english,worthy purchase,1732695760,1732695760,True,0,0,0,0,True,False,False
179895454,76561199475861737,1,1,4770,4587,4488,1732752428,english,just a chill game,1732695067,1732695067,True,0,0,0,0,True,False,False
179895052,76561198081843053,673,31,51069,544,51020,1732781935,english,I think the game needs a bit more content but otherwise amazing,1732694192,1732694192,True,0,0,0,0,True,False,False
179894643,76561198205580597,269,25,4511,20,4511,1732693231,english,why that MF isaac always cryin,1732693305,1732772919,True,0,0,0,0,True,False,False
179892563,76561199145663027,0,5,1390,347,1333,1732767528,english,One of the best games I've ever played,1732689181,1732689181,True,0,0,0,0,True,False,False
179891778,76561199269989768,0,2,1666,632,1425,1732778754,english,Bouta balls your isaac,1732687608,1732687608,True,0,0,0,0,True,False,False
179891295,76561199215635177,0,3,5920,28,5919,1732686692,english,very fun n shit,1732686595,1732686595,True,0,0,0,0,True,False,False
179891104,76561198811332257,27,2,1518,36,1482,1732689024,english,normlno,1732686152,1732686152,True,0,0,0,0,True,False,False
179890955,76561199583194524,0,7,1558,1558,1442,1732739097,english,isaac binding of the isaac of binding of isaac the binding of isaac is cool,1732685865,1732685865,True,0,0,0,0,True,False,False
179890358,76561199588096603,0,8,885,255,813,1732791021,english,boy gets locked in basement (Try not to cry),1732684834,1732684869,True,0,1,0,0,True,False,False
179889495,76561199210695516,0,3,2672,1643,2589,1732688351,english,eyesack is my fave or it gayme i haf pllay,1732683304,1732683304,True,0,0,0,0,True,False,False
179889464,76561198830285214,72,3,47218,91,47131,1732688611,english,eh it alright,1732683261,1732683261,True,0,0,0,0,True,False,False
179889226,76561198145608971,175,1,26613,872,26613,1732671679,english,"I love this game, tho the RNG can get fucked sometimes",1732682838,1732682838,True,0,0,0,0,True,False,False
179888097,76561199559277182,0,1,11415,376,11367,1732683587,english,peak,1732680680,1732680680,True,0,0,0,0,True,False,False
179887307,76561198857817981,0,5,7424,235,7424,1732679026,english,like stroking off in the morning 8.9/10,1732679285,1732679285,True,0,0,0,0,True,False,False
179887306,76561198860313000,0,5,682,230,682,1732679040,english,Im leaking,1732679283,1732679283,True,0,0,0,0,True,False,False
179887188,76561199085306653,116,8,18995,1004,18783,1732773879,english,"Edmund McMillen, You litte F**ker. You made a shit of piece with your trash Issac. it‚Äôs f**King Bad this trash game. I will become back my money. I hope you will in your next time a cow on a trash farm you sucker.",1732679067,1732679067,True,0,0,0,0,True,False,False
179886559,76561198826454727,104,1,2486,506,2231,1732790008,english,"isac
",1732677995,1732677995,True,0,0,0,0,True,False,False
179884900,76561198880565949,60,31,2802,1776,2508,1732751844,english,"i got the 2% chance of the greed donation machine jamming on my first coin. this happened the run after the run where it jammed on the 2nd coin with a 1% chance. edmund mcmillen, You litte F**ker You made a shit of piece with your trash Issac",1732675114,1732675114,True,0,0,0,0,True,False,False
179884864,76561198112175298,0,5,64768,251,64738,1732676884,english,It's good,1732675049,1732675049,True,1,0,0.523809552192687988,0,True,False,False
179884836,76561198291047109,0,4,958,958,657,1732805732,english,this is a GREAT game even though i die alot it`s fun and the mods are better,1732674997,1732674997,True,0,0,0,0,True,False,False
179883964,76561198262886557,0,12,1073,78,997,1732678130,english,egg,1732673540,1732673540,False,0,0,0.49238818883895874,0,True,False,False
179883948,76561198418924131,0,1,846,846,724,1732732818,english,"Rating: ‚òÖ‚òÖ‚òÖ‚òÖ‚òÖ (5/5)

The Binding of Isaac: Rebirth is an absolute masterpiece, and it‚Äôs easy to see why it‚Äôs beloved by so many players. If you enjoy rogue-like dungeon crawlers with a dark sense of humor, unpredictable gameplay, and endless replayability, this is the game for you!

From the moment you dive into the twisted world of Isaac, you‚Äôll be hooked by the eerie, yet captivating art style and its fast-paced combat. The procedurally generated dungeons make every playthrough unique, meaning you‚Äôll never get bored of the same old challenges. With a staggering variety of items, enemies, and bosses, Rebirth offers a depth that keeps you coming back for more, always finding new ways to tackle the game‚Äôs many challenges.

The sheer variety in Rebirth is what makes it so addictive. Whether you‚Äôre unlocking new characters, discovering powerful synergies between items, or simply trying to reach the game‚Äôs many hidden secrets, there's always something new to uncover. And the sense of accomplishment when you finally beat a tough boss or unlock a hidden ending is unmatched.

One of the things I love most about The Binding of Isaac: Rebirth is how rewarding it is to improve your skills. The more you play, the better you get at handling the game's quirks and random elements. The difficulty is steep, but not unfair‚Äîeach failure is a learning experience, which makes finally conquering a run feel so sweet.

And let‚Äôs not forget the replayability! With so many items, characters, and paths to unlock, the game feels like it could never truly be finished. Whether you're aiming for 100% completion or just enjoying random runs, there‚Äôs always something to aim for.

In short, The Binding of Isaac: Rebirth is a perfect blend of strategy, chaos, and fun. It‚Äôs challenging, rewarding, and, most importantly, incredibly addictive. If you haven‚Äôt played it yet, I highly recommend giving it a go. You won‚Äôt regret it.",1732673516,1732673516,True,0,0,0,0,True,False,False
179883816,76561197977924651,2274,260,2589,144,2503,1732751870,english,the bizzle of issle,1732673308,1732673308,True,0,1,0,0,True,False,False
179883806,76561199158162490,0,3,60189,3125,60166,1732682387,english,"As a wise pill once said:

ADDICTED!",1732673298,1732673298,True,0,0,0,0,True,False,False
179881929,76561198928674021,0,3,550,473,550,1732670026,english,goofy murder game that takes the edge off like a camel crush but without the wife nagging me to go outside :),1732670154,1732670154,True,0,0,0,0,True,False,False
179881889,76561198854626199,0,3,40461,1091,40300,1732765005,english,hours of game play to enjoy as well as the modding capabilities are immaculate!,1732670080,1732670080,True,0,0,0,0,True,False,False
179881608,76561199000729477,0,3,60042,458,59999,1732748317,english,I HATE JACOB&ESAU I HATE JACOB&ESAU I HATE JACOB&ESAU I HATE,1732669601,1732669601,True,1,0,0.523809552192687988,0,True,False,False
179880362,76561199134723854,0,1,3391,952,3300,1732757166,english,peak game funny laser go brttt,1732667418,1732667418,True,0,0,0,0,True,False,False
179879777,76561199465595170,83,3,18397,2922,18216,1732768442,english,RAHHHHHHHHHHHHHHHHHHHHHHHHHHHHHHHHHHHHHHHHHH,1732666458,1732666458,True,0,1,0,0,True,False,False
179879580,76561199169533095,0,8,4434,1311,3992,1732760594,english,d6,1732666134,1732666134,True,0,0,0,0,True,False,False
179879173,76561198043780761,156,2,42122,542,42097,1732669601,english, A must have if you're a fan of roguelikes!,1732665557,1732665557,True,1,0,0.512195110321044922,0,True,False,False
179879075,76561198891137854,134,51,2942,1707,2615,1732774926,english,the best couch co op game ever,1732665417,1732665417,True,0,0,0,0,True,False,False
179878951,76561199113443615,0,16,314,46,314,1732566110,english,iz alright its a lil boring but iz alright,1732665250,1732665250,True,0,0,0,0,True,False,False
179878692,76561198930132199,178,2,7845,632,7777,1732669234,english,isaac and his mother lived in a house and ate poop,1732664856,1732664856,True,1,0,0.512195110321044922,0,True,False,False
179878309,76561199067888426,248,15,2988,167,2839,1732743708,english,repentance dont work,1732664219,1732664219,True,0,0,0,0,True,False,False
179878007,76561199708297529,0,2,1723,1723,1007,1732772938,english,"fun to play with friends
",1732663742,1732663742,True,0,0,0,0,True,False,False
179877257,76561198429323876,23,4,1611,156,1563,1732744284,english,"I love this game, 10/10",1732662732,1732662732,True,0,0,0,0,True,False,False
179876698,76561199064552900,14,1,52902,144,52859,1732664380,english,ok,1732661805,1732661805,True,1,0,0.523809552192687988,0,True,False,False
179876087,76561199233315773,0,5,1073,1073,1010,1732680593,english,"One of the best games I've played on console and now. playing on PC is a must if you want to have mods and fun
",1732660881,1732660881,True,0,0,0,0,True,False,False
179875735,76561198289625298,0,4,529,529,273,1732734543,english,I love jorkin' it to the Siren,1732660381,1732660381,True,0,0,0,0,True,False,False
179875004,76561198414488341,136,24,23954,0,23954,1730614879,english,"I love going through a run, finding a dime (which is a dancing cat of course) and watching as Isaac does the persona 4 specialist dance while there happens to be a tinted rock with a PNG of dwayne the rock johnson on it. The chaos and mods are so fun I forgot how messed up the lore is. 10/10",1732659344,1732659344,True,0,0,0,0,True,False,False
179874739,76561198066241556,602,8,575,575,541,1732794765,english,"Super addicting, and with friends now it's just more fun!",1732659020,1732659020,True,0,0,0,0,True,False,False
179872631,76561199092722947,0,6,907,820,717,1732755405,english,hvjvuygv,1732656172,1732656172,True,0,0,0,0,True,False,False
179869590,76561199235640746,19,2,4804,3877,3855,1732771203,english,"Casual players: This game peak
The grind:",1732652290,1732652290,True,0,0,0,0,True,False,False
179869364,76561198841606889,20,5,8615,844,8615,1732638055,english,Very cool,1732652009,1732652009,True,0,0,0,0,True,False,False
179868586,76561198323675359,34,1,7204,4780,6629,1732754576,english,infinite replay value,1732651119,1732651119,True,0,0,0,0,True,False,False
179868197,76561198119536550,0,5,5123,2672,5074,1732745292,english,"Super infuriating but also extremely fun. I love this game so much. I love the theme, the game play and how I never get tired of doing a run because each run is so different. I'm also typing this while i'm extremely sick so if nothing makes sense I am so sorry lmaooo but either way, very good game. Isaac is just like me fr!!",1732650669,1732650669,True,0,0,0,0,True,False,False
179867341,76561199803186397,0,1,533,533,249,1732805359,english,"fun
",1732649706,1732649706,True,0,0,0,0,True,False,False
179867106,76561198056605220,0,31,381,283,186,1732796770,english,Really makes you feel like an aborted fetus,1732649414,1732649414,True,0,0,0,0,True,False,False
179864900,76561198990763664,0,8,44364,790,43687,1732786804,english,Good Game,1732647030,1732647030,True,0,0,0,0,True,False,False
179864300,76561198833166043,44,7,479,479,384,1732745770,english,"first game i bought on steam(on a different account), still good years later.",1732646426,1732646426,True,0,0,0,0,True,False,False
179864254,76561199293603920,0,7,2765,1803,2535,1732740026,english,Isaac is just like life. Sometimes it's the best thing ever and all you want to do is experience more of it and at other times it has Bethany as a playable character.,1732646375,1732646375,True,0,0,0,0,True,False,False
179863820,76561199246242588,0,13,344,287,205,1732762894,english,Best game ever fr,1732645867,1732645867,True,0,0,0,0,True,False,False
179863192,76561199040668680,0,5,2310,0,2310,1731461399,english,"I think the binding of Isaac (Including DLC's) Is a great game overall, the story is good and the tear physics can get hilariously wonky at times and its even greater with friends now.",1732645157,1732645157,True,0,0,0,0,True,True,False
179863100,76561199202621836,0,9,9151,1702,8751,1732740289,english,FUN,1732645050,1732645050,True,0,0,0,0,True,False,False
179860295,76561199142787197,0,3,1914,1914,1254,1732773990,english,good game,1732641743,1732641743,True,0,0,0,0,True,False,False
179859925,76561198054503124,0,3,30266,2259,29368,1732760767,english,10/10 Absolute Cinema ~ Lazy Mattman,1732641308,1732641308,True,0,0,0.476190477609634399,0,True,False,False
179859515,76561199586861528,0,1,505,505,277,1732806006,english,best game oat,1732640863,1732640863,True,0,0,0,0,True,False,False
179859173,76561197983902514,922,57,5787,2690,5576,1732737396,english,Multiplayer made the game playable if you're bad at the game :3,1732640451,1732640451,True,0,0,0,0,True,False,False
179859079,76561198083043245,0,13,24636,45,24636,1732287909,english,A classic at this point. I believe this game is the epitome of any good rogue-like or any variation you can muster up.,1732640361,1732640361,True,0,0,0,0,True,False,False
179859016,76561198093143797,0,1,21070,1914,20739,1732730977,english,You will love and hate this game! 10/10 recommend!,1732640284,1732640284,True,0,0,0,0,True,False,False
179857781,76561198203803897,0,13,10549,1242,10538,1732640653,english,Best Roguelike ever,1732638920,1732638920,True,0,0,0.476190477609634399,0,True,False,False
179855865,76561199597107239,0,5,1146,1146,603,1732762296,english,Buy this game if you're bored and want to rage at pixels,1732636907,1732636907,True,0,0,0,0,True,False,False
179855715,76561199209926009,78,7,12326,483,11867,1732779159,english,Amazing replayability,1732636731,1732636731,True,0,0,0,0,True,False,False
179855264,76561199655264269,0,2,6748,4609,5943,1732806328,english,a fun game with really fun synergies but dont crash the game,1732636230,1732636230,True,0,0,0,0,True,False,False
179855040,76561199728651496,16,2,3435,859,3330,1732791753,english,i cannot download the dlc and i cannot play now,1732635948,1732635948,False,0,0,0,0,True,True,False
179854061,76561198257507031,411,36,13931,171,13877,1732726159,english,"Pay a few bucks for hours upon hours of fun with a crying, naked child trapped in a basement. Great deal",1732634796,1732634796,True,2,0,0.520134210586547852,0,True,False,False
179854024,76561199135793416,14,1,583,583,449,1732642812,english,"install game
play a few runs
unlock a lot of items and characters
get addicted to the game
10/10 
i love gambling",1732634745,1732634745,True,0,0,0,0,True,False,False
179853387,76561199072228528,0,1,45314,1422,45304,1732634854,english,god is dead,1732633974,1732633974,True,2,0,0.545454561710357666,0,True,False,False
179852276,76561199788390958,0,1,661,662,321,1732788178,english,w,1732632699,1732632699,True,0,0,0,0,True,False,False
179851760,76561199147641780,7,2,2650,2255,2419,1732804711,english,Best game ever,1732632062,1732632062,True,0,0,0,0,True,False,False
179850484,76561198168462116,46,4,17465,1596,17288,1732737764,english,the goat of rogue-games,1732630589,1732630589,True,0,0,0,0,True,False,False
179849322,76561198929937764,64,1,16141,0,16141,1718831864,english,One of the few games I always come back to.,1732629229,1732629229,True,0,0,0,0,True,False,False
179848660,76561198122271422,48,2,7425,787,6647,1732780974,english,banger,1732628392,1732628392,True,0,0,0,0,True,False,False
179846390,76561197991734201,0,7,11745,62,11745,1732618968,english,"mom.  
Just mom",1732625179,1732625179,True,0,0,0,0,True,False,False
179845728,76561199574938854,0,3,9663,681,9161,1732751258,english,this game is a W,1732624227,1732624227,True,0,0,0,0,True,False,False
179844292,76561199018609318,0,22,81550,3326,81164,1732765580,english,"Accurate simulation of what happens when you say ""erm what the ohio baby gronk sigma rizzler? did you just fanum my skibidi my gooner?"" next to your mother",1732621937,1732621937,True,1,0,0.523809552192687988,0,True,False,False
179842266,76561199087786334,0,3,2738,1035,2503,1732798352,english,"wanna die?
",1732618307,1732618307,True,0,0,0,0,True,False,False
179841545,76561199159424501,0,4,3384,1725,3017,1732792793,english,sad boy gets dissowned,1732616938,1732616938,True,0,0,0,0,True,False,False
179841310,76561199186170729,0,1,1033,288,987,1732620286,english,This game makes me feel things i didnt know i wanna feel,1732616542,1732616542,True,0,0,0,0,True,False,False
179840580,76561199487799991,0,5,2954,2099,2297,1732805022,english,amazing game!!!!!!!!! i like how every run feels diffrent and theres so many itrms and synergys and you can unlock them,1732615074,1732615074,True,0,0,0,0,True,False,False
179839288,76561198127812971,0,42,3685,0,3685,1730484530,english,"A MUST play for any gamer out there. 
Your game library isn't complete without this gem.

1000.1%/10",1732614348,1732614348,True,0,0,0,0,True,False,False
179837927,76561198081861863,72,3,57409,2149,56006,1732805788,english,"it took me 900 hours, but i got it all only to keep playing... what is it called? addiction? 10/10",1732611935,1732611935,True,0,0,0,0,True,False,False
179837426,76561198154979176,136,12,1974,443,1942,1732702538,english,–†–∞–∑–æ—Ä–≤–∞–ª–æ –¥—É–ø–ª–æ,1732610945,1732610945,True,0,0,0,0,True,False,False
179836353,76561198046907373,0,12,29294,0,29294,1648373902,english,Probably one of the most addicting games to exist,1732608788,1732608788,True,0,0,0,0,True,False,False
179836118,76561199552975990,0,2,6457,1342,5872,1732763035,english,the horror,1732608269,1732608269,True,0,0,0,0,True,False,False
179835020,76561198823262846,108,17,44667,5327,43293,1732788271,english,"Literally one of the best games ever created. There is so much variety in each run, so many synergies and it's still getting updates. Couldn't recommend more, play it with all the dlcs though.",1732607558,1732607558,True,0,0,0,0,True,False,False
179834932,76561199191182590,46,4,5406,2321,4942,1732789192,english,"[h1]True and Honest[/h1]
It's genuinely the best thing I've ever played. The hundreds of items, thousands of trinkets, pickups, etc. keep me returning to this game, the only reason it isn't game of the year is because they have to keep it fair for the others. Repentance plus adds to that and now I can play with friends! If you're thinking about buying Isaac don't think, DO. Anyways hope you enjoyed reading!",1732607385,1732607385,True,0,0,0,0,True,False,False
179834579,76561198331882277,146,3,18038,118,18038,1732506013,english,play as tainted blingo and kill dads left lung to unlock crying pissing shitting baby (quality 4),1732606597,1732606597,True,0,0,0,0,True,False,False
179833748,76561199219143868,0,2,701,234,607,1732729047,english,yuh,1732604850,1732604850,True,0,0,0,0,True,False,False
179832058,76561199166466831,0,2,3969,1969,3542,1732774043,english,"It fun, make me mad sometimes tho",1732601145,1732601145,True,0,0,0,0,True,False,False
179831664,76561199090867238,67,23,14390,6615,12444,1732806120,english,the inding of bisaac amirite?,1732600377,1732600377,True,0,0,0,0,True,False,False
179831589,76561199377099142,0,9,4938,1120,4926,1732686954,english,"hear me out on isaacs mom
",1732600200,1732600200,True,0,1,0,0,True,False,False
179830840,76561198973395614,0,7,26966,502,26910,1732673549,english,pretty fun game,1732598616,1732598616,True,0,0,0,0,True,False,False
179828601,76561198053045191,0,20,3343,1640,2938,1732777263,english,"Amazing roguelike, great with friends too
",1732594373,1732594373,True,0,0,0,0,True,False,False
179828078,76561198863486243,131,10,3636,3481,2832,1732806756,english,Good.,1732593358,1732593358,True,0,0,0,0,True,False,False
179828033,76561198136090280,0,2,248,10,248,1732671527,english,I cant figure out how to get the multiplayer to launch. I bought all the dlc and whenever i click to download the multiplayer dlc it just launches the game. send help,1732593286,1732593286,True,0,1,0,0,True,False,False
179827506,76561199114024725,60,4,766,44,734,1732673193,english,:3,1732592331,1732592331,True,0,0,0,0,True,False,False
179826583,76561199480194833,0,6,7353,4762,6252,1732786507,english,PLS HELP PLS,1732590734,1732590734,True,0,1,0,0,True,False,False
179826208,76561199087102038,35,4,1021,929,616,1732759464,english,"fun rouge, also crying kid
love it.",1732590096,1732590096,True,0,1,0,0,True,False,False
179825326,76561199754235451,0,1,713,3,710,1732588836,english,sigma,1732588660,1732588660,True,0,0,0,0,True,False,False
179825106,76561198012067259,0,2,48206,1007,47784,1732759007,english,it ok,1732588337,1732588337,True,0,1,0.472972989082336426,0,True,False,False
179824925,76561198339338943,0,5,31582,1769,31304,1732768418,english,poop,1732588024,1732588024,True,0,0,0,0,True,False,False
179824866,76561199150889100,0,5,8673,2798,7646,1732775905,english,"I played this game for about 10 hours then put it aside, then got back into it after I think genuinely a year. dropped 100 hours in the next month and can say it is 100% worth it",1732587937,1732587937,True,0,0,0,0,True,False,False
179824303,76561198799267431,0,5,17463,1117,17124,1732768813,english,Im not sure why this game still gets updates but each one makes it beter and better,1732586977,1732586977,True,0,0,0,0,True,False,False
179824025,76561199803692082,0,1,855,855,277,1732739508,english,I enjoy issac beating up his mom,1732586458,1732586458,True,0,0,0,0,True,False,False
179823835,76561197966690560,2930,38,67489,83,67489,1732586130,english,"This was easily one of the best games of its decade, now finally updated to include a proper cooperative mode, although it has its flaws what with input delay between players but hopefully that will be improved. But [i]The Binding of Isaac[/i] was yet another indie title which proved that, sometimes, these passionate developers are serious about delivering awesome experiences that can be unmatched by AAA studios. It's amazing what indie developers can accomplish sometimes despite their low budgets and when not being pestered by upper managers and deadlines to meet the expectations of shareholders. Something that should never have mixed with video game design to the extreme that it has.

I've never played a game with more replay value than this one. It has so much content between dungeons to explore, enemies to fight, bosses to conquer, and combat to master. It's perhaps one of the greatest examples of a proper roguelike video game, where each run is different and unique and completely randomized where you never know what the layout of the maps will be, where the secret walls are going to be, which items you might get and whether they will synchronize well together, etc. You could sometimes get lucky and find yourself being rewarded with rather OP items from the very beginning that will help you finally beat the game, or the chaos of the RNG element may give you more than a few crappy items and so you just have to press forward to see how much of the run can be salvaged. Unlike many other games of this genre, [i]The Binding of Isaac[/i] has 500+ items to unlock and find, lots of characters to unlock, and plenty of secrets to hunt for and it all ties together cleverly for its story.

[i]The Binding of Isaac[/i] is about Isaac, a kid who ultimately blames himself for the divorce of his parents despite how his father was the one to walk out on him and his mother due to alcoholism and money problems, and so he copes with the situation by entertaining himself with the imagination his father encouraged him to have with cardboard that he has access to while his mother forbids it and even abuses him while turning to religion to also cope in her own way with the divorce, creating this narrative in his own little imaginary world that his mom hates him and holds him responsible for the divorce. As you continue to play and slay the bosses, it becomes an extremely dark, sad story that comes about in short pieces of narration from the voice of his father and the context clues you can gather. It's one of those games that perfectly employs the ""show, don't tell"" technique to tell a story that is so rich with how interpretive it is. The story itself (and what happens to Isaac) can be interpreted in different ways but it's very much about a child being mistreated and abandoned and escaping into a fantasy world, and I don't blame anybody for just searching the story explanation online due to the narrative complexity. It's rife with religious imagery and text and dark themes but this is really what makes the video game as great as what it is. It's a type of boldness that doesn't really exist in a lot of AAA video games because a lot of these companies are too scared to be creative and want to do everything they can to avoid offending the perpetually offended crowd, but this game is proof that some video games can still be art and that the form isn't entirely lost.

For anybody who owns the device, it's also a perfect game for the Steam Deck. I spent many hours in bed late at night just playing this game on my mobile device because I couldn't get enough of it at the time. It's a challenging game that makes you want to overcome the challenge for your own personal achievement and it's a game which I'd consider very addictive for a time. I would honestly classify [i]The Binding of Isaac[/i] as a game which every gamer should play. 

The gameplay itself is simple and easy to understand but the combination of mystery, intrigue, challenge and the fun in its simplicity just keeps you coming back for more until you've mastered it, and its developer, Edmund McMillen, does well to even continue the story in other ways with his other video games even though it's not a direct sequel which I think is pretty cool as his other video games are also really good.",1732586138,1732586138,True,4,0,0.583333313465118408,0,True,False,False
179823219,76561199560702259,11,3,9808,4044,9329,1732806835,english,"one of the greatest rogue-like rpgs ever, you should play it",1732585070,1732585070,True,0,0,0,0,True,False,False
179823131,76561198352457684,0,11,3099,42,3057,1732671078,english,y not,1732584914,1732584914,True,0,0,0,0,True,False,False
179822869,76561198207570997,0,9,4477,905,4195,1732766981,english,Fun game :),1732584467,1732584467,True,0,0,0,0,True,False,False
179822762,76561199490339990,0,8,43077,4952,42150,1732762082,english,gud,1732584296,1732584296,True,0,0,0,0,True,False,False
179822302,76561199166798702,18,8,13560,177,13510,1732586608,english,this little shit,1732583508,1732583508,True,0,0,0,0,True,False,False
179821509,76561199790584589,0,3,1745,1745,184,1732787045,english,I LOVE BEING A CRYING INFANT,1732582126,1732582126,True,0,0,0,2,True,False,False
179821469,76561198883557566,0,13,6467,895,6252,1732735707,english,"Edmund McMillen, you little fucker.
You made a shit of piece with your trash Isaac. It‚Äôs fucking bad, this trash game. I will become back my money. I hope you will in your next time a cow on a trash farm you sucker.",1732582067,1732582067,True,0,0,0,0,True,False,False
179820353,76561198983715131,0,16,688,688,355,1732764247,english,"game good
",1732580197,1732580197,True,0,0,0,0,True,False,False
179819895,76561198301605683,0,6,22153,813,21750,1732806453,english,PLAY IT - NOW!,1732579420,1732579420,True,0,0,0,0,True,False,False
179819873,76561199386822953,0,26,177,177,177,1732579642,english,Played 2 days and now I need another dlc.,1732579383,1732579383,False,0,0,0.429015547037124634,0,True,False,False
179819221,76561198195038628,0,1,3192,2654,2604,1732772174,english,FUN,1732578330,1732578330,True,0,0,0,0,True,False,False
179818968,76561198379844526,30,6,10323,2827,9805,1732797029,english,good,1732577963,1732577963,True,0,0,0,0,True,False,False
